name,watch,star,fork
/jonasschmedtmann/complete-javascript-course,500,3425,4874
/ryanmcdermott/clean-code-javascript,1164,35040,4098
/mrdoob/three.js,2469,59746,23084
/airbnb/javascript,3557,94493,18406
/yangxi0126/javaScript,80,1025,613
/mrdavidlaing/javascript-koans,91,2156,3236
/trekhleb/javascript-algorithms,2694,67656,11187
/pubnub/javascript,90,479,368
/TheAlgorithms/Javascript,100,2196,496
/getsentry/sentry-javascript,95,4481,811
/da2k/curso-javascript-ninja,565,1646,2466
/liubin915249126/javascript,12,153,167
/mozilla/pdf.js,1035,30218,7124
/jquery/jquery,3412,53163,19229
/exercism/javascript,23,197,193
/MartinChavez/Javascript,51,615,111
/mgechev/javascript-algorithms,260,6151,1086
/ulid/javascript,26,1385,76
/workshopper/javascripting,150,2107,876
/wchaowu/javascript,85,566,315
/douglascrockford/JSON-js,510,8127,4623
/juliangarnier/anime,711,34960,2718
/meteor/meteor,1758,41706,5133
/blueimp/JavaScript-Load-Image,169,3828,899
/leapmotion/javascript,29,104,95
/liammclennan/JavaScript-Koans,59,1305,1233
/humanwhocodes/computer-science-in-javascript,309,7116,1047
/jakesgordon/javascript-state-machine,256,7037,898
/jashkenas/underscore,923,25275,5505
/benoitvallon/computer-science-in-javascript,96,2453,515
/marijnh/Eloquent-JavaScript,149,2366,619
/zuobaiquan/javascript,3,54,91
/Hacker233/JavaScript,6,101,53
/tcorral/Design-Patterns-in-Javascript,132,2212,488
/timoxley/functional-javascript-workshop,98,1898,426
/julianshapiro/velocity,426,16555,1562
/MicrosoftDocs/pipelines-javascript,5,67,1019
/ethereum/web3.js,394,8783,2790
/highlightjs/highlight.js,304,16056,2753
/avajs/ava,243,17794,1215
/acornjs/acorn,141,5919,539
/LambdaSchool/Sprint-Challenge--JavaScript,1,11,3626
/blueimp/JavaScript-Templates,113,1552,418
/DmitryBaranovskiy/raphael,407,10575,1628
/mixi-inc/JavaScriptTraining,106,656,591
/AlbertoOlla/esercizi-di-programmazione-javascript,490,431,681
/soyaine/JavaScript30,93,1343,346
/CodeSeven/toastr,362,10136,1754
/bgrins/javascript-astar,49,948,235
/dreamapplehappy/effective-javascript,58,990,229
/TheOdinProject/javascript-exercises,16,138,711
/fengyuanchen/cropperjs,148,7144,1466
/aui/art-template,529,8934,2653
/HackYourFuture-CPH/JavaScript,8,21,85
/github/fetch,499,23437,2458
/enzymejs/enzyme,280,18642,2047
/Reactive-Extensions/RxJS,588,19729,2256
/learn-co-students/javascript-arrays-bootcamp-prep-000,17,6,5568
/LambdaSchool/JavaScript-II,1,8,2547
/beautify-web/js-beautify,223,6718,1178
/ironhack-labs/lab-javascript-vikings,9,20,2472
/tweenjs/tween.js,219,7265,1198
/ironhack-labs/lab-javascript-clue,9,12,2356
/LambdaSchool/JavaScript-I,1,11,2595
/ramda/ramda,288,18604,1200
/chihungyu1116/leetcode-javascript,39,704,244
/leonardomso/33-js-concepts,1040,31503,3484
/learn-co-students/javascript-objects-bootcamp-prep-000,16,8,4648
/sockjs/sockjs-client,295,7067,1142
/eventbrite/javascript,49,140,34
/eclipse/paho.mqtt.javascript,64,786,326
/ironhack-labs/lab-javascript-memory-game,10,16,1732
/mrdoob/stats.js,190,6451,1006
/karma-runner/karma,335,11144,1643
/nodejs/node,2925,69138,16667
/davidflanagan/javascript6_examples,28,258,103
/BrainJS/brain.js,277,10902,849
/google/traceur-compiler,311,8052,612
/patorjk/JavaScript-Snake,47,322,488
